"MAPQ","Count"
"0","287952"
"1","151"
"2","55"
"3","442"
"4","39"
"5","155"
"6","181"
"7","236"
"8","250"
"9","4050"
"10","1861"
"11","396"
"12","5574"
"13","477"
"14","565"
"15","8067"
"16","1261"
"17","5976"
"18","4064"
"19","1793"
"20","8591"
"21","124"
"22","1637"
"23","8912"
"24","46"
"25","971"
"26","19"
"27","67"
"28","12"
"29","15703"
"30","31"
"31","34"
"32","43"
"33","90"
"34","57"
"35","123"
"36","2073"
"37","9339"
"38","207"
"39","246"
"40","310"
"41","157"
"42","22"
"43","367"
"44","28"
"45","56"
"46","764"
"47","187"
"48","147"
"49","124"
"50","378"
"51","51"
"52","176"
"53","151"
"54","202"
"55","328"
"56","17"
"57","617"
"58","11"
"60","207297"
"62","2"
"63","2"
"67","2"
"70","618"
